44,,,,,,,,,,,,,
New Lead Y/N,URL from Google Analytics,Snowball Map,Restaurant Name,Address,City,State,,Menu Type,Business Phone,,,,
N,https://getskt.com/2024jan/?utm_source=brizous&utm_medium=DirectMail&utm_campaign=flightticket&utm_id=10400,10400,Sushi Payce,1417 W Fullerton Ave,Chicago,IL,United States,Japanese,(773) 687-9394,,,,
N,https://getskt.com/2024jan/?utm_source=brizous&utm_medium=DirectMail&utm_campaign=flightticket&utm_id=01108,01108,California Bowl,706 N Vermont Ave,Los Angeles,CA,United States,Japanese,(323) 669-3070,,,,
Y,https://getskt.com/2024jan/?utm_source=brizous&utm_medium=DirectMail&utm_campaign=flightticket&utm_id=12199,12199,My Fish Stop,14843 Burbank Blvd,Van Nuys,CA,United States,Cajun,(888) 469-9980,,,,
N,https://getskt.com/2024jan/?utm_source=brizous&utm_medium=DirectMail&utm_campaign=flightticket&utm_id=12227,12227,Otay Mandarin,945 Otay Lakes Rd,Chula Vista,CA,United States,Chinese,(619) 656-8080,,,,
N,https://getskt.com/2024jan/?utm_source=brizous&utm_medium=DirectMail&utm_campaign=flightticket&utm_id=12763,12763,Taiwan Restaurant,1306 Lincoln Ave,San Jose,CA,United States,Chinese; Taiwanese,(408) 289-8800,,,,
N,https://getskt.com/2024jan/?utm_source=brizous&utm_medium=DirectMail&utm_campaign=flightticket&utm_id=13845,13845,Kyoko's Kitchen,1149 W Avenue I,Lancaster,CA,United States,Japanese,(661) 579-6511,,,,
N,https://getskt.com/2024jan/?utm_source=brizous&utm_medium=DirectMail&utm_campaign=flightticket&utm_id=01396,01396,Jin Jin Fusion,7901 Front Beach Rd,Panama City Beach,FL,United States,Japanese; Chinese,(850) 238-5857,,,,
N,https://getskt.com/2024jan/?utm_source=brizous&utm_medium=DirectMail&utm_campaign=flightticket&utm_id=14020,14020,Menya Noodle Bar,951 16th St,Denver,CO,United States,Japanese,(303) 607-8888,,,,
N,https://getskt.com/2024jan/?utm_source=brizous&utm_medium=DirectMail&utm_campaign=flightticket&utm_id=14573,14573,Mekong Chinese Restaurant,18073 S Dixie Hwy,Miami,FL,United States,Chinese,(305) 238-3500,,,,
Y,https://getskt.com/2024jan/?utm_source=brizous&utm_medium=DirectMail&utm_campaign=flightticket&utm_id=15207,15207,Way 2 Go Thai & Sushi,10681 E Colonial Dr,Orlando,FL,United States,Japanese; Thai,(407) 412-5720,,,,
N,https://getskt.com/2024jan/?utm_source=brizous&utm_medium=DirectMail&utm_campaign=flightticket&utm_id=16159,16159,Wok's Deli,11575 Rosecrans Ave,Norwalk,CA,United States,Chinese,(562) 584-4135,,,,
N,https://getskt.com/2024jan/?utm_source=brizous&utm_medium=DirectMail&utm_campaign=flightticket&utm_id=16502,16502,Big Fish House,2109 Clement St,San Francisco,CA,United States,Japanese,(415) 933-9388,,,,
Y,https://getskt.com/2024jan/?utm_source=brizous&utm_medium=DirectMail&utm_campaign=flightticket&utm_id=16505,16505,Artisan Express,3995 NW 25th St,Miami,FL,United States,Japanese; Chinese,(786) 587-2625,,,,
N,https://getskt.com/2024jan/?utm_source=brizous&utm_medium=DirectMail&utm_campaign=flightticket&utm_id=01703,01703,Sekushi,100 Indian Rocks Rd N,Belleair Bluffs,FL,United States,Japanese,(727) 648-4653,,,,
N,https://getskt.com/2024jan/?utm_source=brizous&utm_medium=DirectMail&utm_campaign=flightticket&utm_id=17162,17162,Grandma's Dumpling,431 Front St,Santa Cruz,CA,United States,Chinese,(831) 454-8140,,,,
,https://getskt.com/2024jan/?utm_source=brizous&utm_medium=DirectMail&utm_campaign=flightticket&utm_id=17574,17574,Mono Mono 2,9719 W Coal Mine Ave,Littleton,CO,United States,Chinese,,,,,
N,https://getskt.com/2024jan/?utm_source=brizous&utm_medium=DirectMail&utm_campaign=flightticket&utm_id=17667,17667,Thai Nigiri,209 N 1st Ave,Sandpoint,ID,United States,Japanese,(208) 265-2587,,,,
N,https://getskt.com/2024jan/?utm_source=brizous&utm_medium=DirectMail&utm_campaign=flightticket&utm_id=17760,17760,Sakura Sushi & Grill,3505 Stockton Hill Rd,Kingman,AZ,United States,Japanese,(928) 681-8298,,,,
N,https://getskt.com/2024jan/?utm_source=brizous&utm_medium=DirectMail&utm_campaign=flightticket&utm_id=01785,01785,Chinatown Express,2450 Saviers Rd,Oxnard,CA,United States,Chinese,(805) 240-1633,,,,
N,https://getskt.com/2024jan/?utm_source=brizous&utm_medium=DirectMail&utm_campaign=flightticket&utm_id=18816,18816,Sugoi Sushi,890 Oak Valley Pkwy,Beaumont,CA,United States,Japanese,(951) 845-1711,,,,
N,https://getskt.com/2024jan/?utm_source=brizous&utm_medium=DirectMail&utm_campaign=flightticket&utm_id=19142,19142,Uroko Cafe,5895 Katella Ave,Cypress,CA,United States,Japanese,(657) 465-1300,,,,
Y,https://getskt.com/2024jan/?utm_source=brizous&utm_medium=DirectMail&utm_campaign=flightticket&utm_id=19805,19805,City Buffet,2102 Caldwell Blvd,Nampa,ID,United States,Chinese,(208) 466-9099,,,,
N,https://getskt.com/2024jan/?utm_source=brizous&utm_medium=DirectMail&utm_campaign=flightticket&utm_id=19873,19873,Sea Empress Seafood Restaurant,1636 W Redondo Beach Blvd,Gardena,CA,United States,Chinese,(310) 538-6868,,,,
N,https://getskt.com/2024jan/?utm_source=brizous&utm_medium=DirectMail&utm_campaign=flightticket&utm_id=20667,20667,Young King,3100 W Olympic Blvd,Los Angeles,CA,United States,Chinese,(213) 487-6154,,,,
N,https://getskt.com/2024jan/?utm_source=brizous&utm_medium=DirectMail&utm_campaign=flightticket&utm_id=21173,21173,Tabu Shabu Restaurant,333 E 17th St,Costa Mesa,CA,United States,Japanese,(949) 642-2660,,,,
N,https://getskt.com/2024jan/?utm_source=brizous&utm_medium=DirectMail&utm_campaign=flightticket&utm_id=21456,21456,Kotsu Ramen & Gyoza,9346 Corbin Ave,Northridge,CA,United States,Japanese,(747) 206-5190,,,,
Y,https://getskt.com/2024jan/?utm_source=brizous&utm_medium=DirectMail&utm_campaign=flightticket&utm_id=21515,21515,juicy seafood,580 W Bypass,Andalusia,AL,United States,Japanese; Chinese; Thai,(334) 230-5902,,,,
N,https://getskt.com/2024jan/?utm_source=brizous&utm_medium=DirectMail&utm_campaign=flightticket&utm_id=02171,02171,Szechuan Bistro,1101 W Huntington Dr,Arcadia,CA,United States,Chinese,(626) 307-7716,,,,
N,https://getskt.com/2024jan/?utm_source=brizous&utm_medium=DirectMail&utm_campaign=flightticket&utm_id=21720,21720,CHINA III,1386 US-22,Lebanon,NJ,United States,Chinese,(908) 437-1388,,,,
N,https://getskt.com/2024jan/?utm_source=brizous&utm_medium=DirectMail&utm_campaign=flightticket&utm_id=00222,00222,Inari Sushi Fusion,15672 SW 72nd St,Miami,FL,United States,Japanese,(786) 391-2099,,,,
N,https://getskt.com/2024jan/?utm_source=brizous&utm_medium=DirectMail&utm_campaign=flightticket&utm_id=24498,24498,Fire Wok,442 Fayetteville St,Raleigh,NC,United States,Chinese,(919) 821-8089,,,,
N,https://getskt.com/2024jan/?utm_source=brizous&utm_medium=DirectMail&utm_campaign=flightticket&utm_id=24909,24909,Asahi Sushi,506 Livingston St,Norwood,NJ,United States,Japanese,(201) 784-7405,,,,
N,https://getskt.com/2024jan/?utm_source=brizous&utm_medium=DirectMail&utm_campaign=flightticket&utm_id=24989,24989,HIbachi Grill & Sushi Buffet,5837 W Saginaw Hwy,Lansing,MI,United States,Chinese,(517) 886-9999,,,,
Y,https://getskt.com/2024jan/?utm_source=brizous&utm_medium=DirectMail&utm_campaign=flightticket&utm_id=00257,00257,Hooked on Poke,2653 Gateway Rd,Carlsbad,CA,United States,Japanese,(760) 585-2226,,,,
N,https://getskt.com/2024jan/?utm_source=brizous&utm_medium=DirectMail&utm_campaign=flightticket&utm_id=26390,26390,Kaya Restaurant,3925 Sedgebrook St,High Point,NC,United States,Korean; Japanese,(336) 841-0669,,,,
N,https://getskt.com/2024jan/?utm_source=brizous&utm_medium=DirectMail&utm_campaign=flightticket&utm_id=27580,27580,Saku,936 Park Ave,Hoboken,NJ,United States,Japanese,(201) 942-3956,,,,
N,https://getskt.com/2024jan/?utm_source=brizous&utm_medium=DirectMail&utm_campaign=flightticket&utm_id=00292,00292,Nori Japan,14500 W Colfax Ave,Lakewood,CO,United States,Japanese,(956) 496-8988,,,,
N,https://getskt.com/2024jan/?utm_source=brizous&utm_medium=DirectMail&utm_campaign=flightticket&utm_id=29227,29227,Sushi House,972 Teaneck Rd,Teaneck,NJ,United States,Japanese,(201) 530-7866,,,,
N,https://getskt.com/2024jan/?utm_source=brizous&utm_medium=DirectMail&utm_campaign=flightticket&utm_id=02963,02963,Miyabi Jr,4351 Washington Rd,Evans,GA,United States,Japanese,(706) 432-6227,,,,
N,https://getskt.com/2024jan/?utm_source=brizous&utm_medium=DirectMail&utm_campaign=flightticket&utm_id=30042,30042,Great Wall,227 NC-111,Goldsboro,NC,United States,Chinese,(919) 751-8600,,,,
N,https://getskt.com/2024jan/?utm_source=brizous&utm_medium=DirectMail&utm_campaign=flightticket&utm_id=31010,31010,West Lake Gourmet Chinese Restaurant,15 College Hwy,Southampton,MA,United States,Chinese,(413) 527-5207,,,,
Y,https://getskt.com/2024jan/?utm_source=brizous&utm_medium=DirectMail&utm_campaign=flightticket&utm_id=03135,03135,Bhojan Griha,2367 San Diego Ave,San Diego,CA,United States,Indian; Chinese,(619) 294-5770,,,,
N,https://getskt.com/2024jan/?utm_source=brizous&utm_medium=DirectMail&utm_campaign=flightticket&utm_id=31452,31452,Chicken's Kitchen,629 Derbigny St,Gretna,LA,United States,American; Creole; Cajun,(504) 244-2536,,,,
N,https://getskt.com/2024jan/?utm_source=brizous&utm_medium=DirectMail&utm_campaign=flightticket&utm_id=31459,31459,Tamashi,6400 Holly Ave NE,Albuquerque,NM,United States,Japanese,(505) 717-2457,,,,
N,https://getskt.com/2024jan/?utm_source=brizous&utm_medium=DirectMail&utm_campaign=flightticket&utm_id=31631,31631,Blackbirds' Grille,553 Old Montauk Hwy,Sayville,NY,United States,Creole; Cajun,(631) 563-4144,,,,
N,https://getskt.com/2024jan/?utm_source=brizous&utm_medium=DirectMail&utm_campaign=flightticket&utm_id=31740,31740,Bacchus On The Beach,111 W Scenic Dr,Pass Christian,MS,United States,Creole; Cajun; Italian,(228) 222-4852,,,,
N,https://getskt.com/2024jan/?utm_source=brizous&utm_medium=DirectMail&utm_campaign=flightticket&utm_id=31819,31819,Mayfel's,22 College St,Asheville,NC,United States,Cajun,(828) 252-8840,,,,
N,https://getskt.com/2024jan/?utm_source=brizous&utm_medium=DirectMail&utm_campaign=flightticket&utm_id=32049,32049,China Star,6109 Rock Quarry Rd,Raleigh,NC,United States,Chinese,(919) 977-4678,,,,
N,https://getskt.com/2024jan/?utm_source=brizous&utm_medium=DirectMail&utm_campaign=flightticket&utm_id=32986,32986,Nai Restaurant,302 Main St,Buffalo,NY,United States,Japanese,(716) 856-0508,,,,
N,https://getskt.com/2024jan/?utm_source=brizous&utm_medium=DirectMail&utm_campaign=flightticket&utm_id=33770,33770,Great Wall Chinese Restaurant,7008 Pines Rd,Shreveport,LA,United States,Chinese,(318) 686-6602,,,,
Y,https://getskt.com/2024jan/?utm_source=brizous&utm_medium=DirectMail&utm_campaign=flightticket&utm_id=35663,35663,Straight out the Boot,7062 Lewiston Rd,Oakfield,NY,United States,American; Creole; Cajun,(585) 948-6070,,,,
N,https://getskt.com/2024jan/?utm_source=brizous&utm_medium=DirectMail&utm_campaign=flightticket&utm_id=35691,35691,Teriyaki Boy,9055 S Eastern Ave,Las Vegas,NV,United States,Japanese,(702) 260-1148,,,,
Y,https://getskt.com/2024jan/?utm_source=brizous&utm_medium=DirectMail&utm_campaign=flightticket&utm_id=36783,36783,Kamasu,20 Hudson Yards,New York,NY,United States,Japanese,(212) 577-1153,,,,
N,https://getskt.com/2024jan/?utm_source=brizous&utm_medium=DirectMail&utm_campaign=flightticket&utm_id=36837,36837,Shikora Express,2133 Rockford St,Mt Airy,NC,United States,Japanese,(336) 789-5522,,,,
N,https://getskt.com/2024jan/?utm_source=brizous&utm_medium=DirectMail&utm_campaign=flightticket&utm_id=36983,36983,China Garden,704 W Corbett Ave,Swansboro,NC,United States,Chinese,(910) 326-8080,,,,
N,https://getskt.com/2024jan/?utm_source=brizous&utm_medium=DirectMail&utm_campaign=flightticket&utm_id=03721,03721,China Star,5728 N Orange Blossom Trl,Orlando,FL,United States,Chinese,(407) 253-0388,,,,
N,https://getskt.com/2024jan/?utm_source=brizous&utm_medium=DirectMail&utm_campaign=flightticket&utm_id=39462,39462,Fins & Grill Llc,2631 McIngvale Rd,Hernando,MS,United States,Japanese,(662) 429-2774,,,,
Y,https://getskt.com/2024jan/?utm_source=brizous&utm_medium=DirectMail&utm_campaign=flightticket&utm_id=04046,04046,Charlie Hong Kong,1141 Soquel Ave,Santa Cruz,CA,United States,Chinese; Thai,(831) 426-5664,,,,
N,https://getskt.com/2024jan/?utm_source=brizous&utm_medium=DirectMail&utm_campaign=flightticket&utm_id=04099,04099,Sushi a La Carte,555 Arthur Godfrey Rd,Miami Beach,FL,United States,Japanese,(786) 406-6244,,,,
N,https://getskt.com/2024jan/?utm_source=brizous&utm_medium=DirectMail&utm_campaign=flightticket&utm_id=41012,41012,Demae Japanese Restaurant,82 W Center St,Provo,UT,United States,Japanese,(801) 374-0306,,,,
N,https://getskt.com/2024jan/?utm_source=brizous&utm_medium=DirectMail&utm_campaign=flightticket&utm_id=41336,41336,Little Panda,1035 N Judge Ely Blvd,Abilene,TX,United States,Chinese,(325) 670-9393,,,,
N,https://getskt.com/2024jan/?utm_source=brizous&utm_medium=DirectMail&utm_campaign=flightticket&utm_id=41680,41680,Miah's Kitchen,2022 148th Ave NE,Redmond,WA,United States,Chinese,(425) 644-6090,,,,
N,https://getskt.com/2024jan/?utm_source=brizous&utm_medium=DirectMail&utm_campaign=flightticket&utm_id=41716,41716,Golden Dim Sum,9968 Bellaire Blvd,Houston,TX,United States,Chinese,(281) 495-8818,,,,
N,https://getskt.com/2024jan/?utm_source=brizous&utm_medium=DirectMail&utm_campaign=flightticket&utm_id=41817,41817,Akhi Sushi - Southern Market 100 South Queen Street,100 S Queen St,Lancaster,PA,United States,Japanese,(717) 341-8178,,,,
Y,https://getskt.com/2024jan/?utm_source=brizous&utm_medium=DirectMail&utm_campaign=flightticket&utm_id=41859,41859,MoMo's Sushi & More,215 Trade St,Greer,SC,United States,Japanese,(864) 201-9743,,,,
,https://getskt.com/2024jan/?utm_source=brizous&utm_medium=DirectMail&utm_campaign=flightticket&utm_id=41869,41869,Krispy Rice,3301 Street Rd,Bensalem,PA,United States,Japanese,,,,,
N,https://getskt.com/2024jan/?utm_source=brizous&utm_medium=DirectMail&utm_campaign=flightticket&utm_id=42261,42261,Happy Teriyaki & Wok,3101 Olympic Hwy N,Shelton,WA,United States,Japanese,(360) 432-1000,,,,
N,https://getskt.com/2024jan/?utm_source=brizous&utm_medium=DirectMail&utm_campaign=flightticket&utm_id=43865,43865,New King Mao,210 Needmore Rd,Clarksville,TN,United States,Chinese,(931) 648-8881,,,,
N,https://getskt.com/2024jan/?utm_source=brizous&utm_medium=DirectMail&utm_campaign=flightticket&utm_id=45376,45376,Golden Chopsticks,329 N York St,Wheeling,WV,United States,Chinese,(304) 232-2888,,,,
N,https://getskt.com/2024jan/?utm_source=brizous&utm_medium=DirectMail&utm_campaign=flightticket&utm_id=45852,45852,Dragon of Riverside,181 Willett Ave,Riverside,RI,United States,Japanese; Chinese,(401) 642-8624,,,,
N,https://getskt.com/2024jan/?utm_source=brizous&utm_medium=DirectMail&utm_campaign=flightticket&utm_id=04708,04708,Motomaki,14650 W Colfax Ave,Lakewood,CO,United States,Japanese,(720) 262-9400,,,,
N,https://getskt.com/2024jan/?utm_source=brizous&utm_medium=DirectMail&utm_campaign=flightticket&utm_id=47441,47441,Tanpopo Ramen,605 Newmarket Dr N,Newport News,VA,United States,Japanese,(757) 826-6200,,,,
Y,https://getskt.com/2024jan/?utm_source=brizous&utm_medium=DirectMail&utm_campaign=flightticket&utm_id=47603,47603,Nori Japan,388 Southpark Cir,Colonial Heights,VA,United States,Japanese,(804) 520-1393,,,,
N,https://getskt.com/2024jan/?utm_source=brizous&utm_medium=DirectMail&utm_campaign=flightticket&utm_id=47664,47664,Golden China,4854 Longhill Rd,Williamsburg,VA,United States,Chinese,(757) 229-8888,,,,
N,https://getskt.com/2024jan/?utm_source=brizous&utm_medium=DirectMail&utm_campaign=flightticket&utm_id=48319,48319,Fuji Sushi & Hibachi,2801 W 41st St,Sioux Falls,SD,United States,Japanese,(605) 275-1388,,,,
N,https://getskt.com/2024jan/?utm_source=brizous&utm_medium=DirectMail&utm_campaign=flightticket&utm_id=49243,49243,Fortune Kitchen,1487 N Shoop Ave,Wauseon,OH,United States,Chinese,(419) 335-1888,,,,
N,https://getskt.com/2024jan/?utm_source=brizous&utm_medium=DirectMail&utm_campaign=flightticket&utm_id=49265,49265,Yamato Sushi Restaurant,212 Market St,Kittanning,PA,United States,Japanese,(724) 580-8686,,,,
N,https://getskt.com/2024jan/?utm_source=brizous&utm_medium=DirectMail&utm_campaign=flightticket&utm_id=49894,49894,Nakama Sushi Bar & Grill,83 Pope Ave,Hilton Head Island,SC,United States,Japanese,(843) 715-3083,,,,
Y,https://getskt.com/2024jan/?utm_source=brizous&utm_medium=DirectMail&utm_campaign=flightticket&utm_id=50076,50076,True Noodle and Pok'e,8622 Huebner Rd,San Antonio,TX,United States,Cantonese; Chinese,(210) 538-5023,,,,
N,https://getskt.com/2024jan/?utm_source=brizous&utm_medium=DirectMail&utm_campaign=flightticket&utm_id=50731,50731,Hibachi Grill,1000 Tanner Ford Blvd,Hanahan,SC,United States,Japanese; Chinese,(843) 553-9527,,,,
N,https://getskt.com/2024jan/?utm_source=brizous&utm_medium=DirectMail&utm_campaign=flightticket&utm_id=51349,51349,Mizumi Japanese Bistro,1125 Main St,Lynchburg,VA,United States,Japanese,(434) 616-6199,,,,
N,https://getskt.com/2024jan/?utm_source=brizous&utm_medium=DirectMail&utm_campaign=flightticket&utm_id=51654,51654,Ramen Legend,2118 Highland Dr,Salt Lake City,UT,United States,Japanese,(801) 758-8950,,,,
Y,https://getskt.com/2024jan/?utm_source=brizous&utm_medium=DirectMail&utm_campaign=flightticket&utm_id=54243,54243,Baby Sumo,26 Main St,Pelzer,SC,United States,Japanese,(864) 402-0456,,,,
N,https://getskt.com/2024jan/?utm_source=brizous&utm_medium=DirectMail&utm_campaign=flightticket&utm_id=54367,54367,Yum Yum Teriyaki,10641 16th Ave SW,Seattle,WA,United States,Chinese,(206) 277-7901,,,,
N,https://getskt.com/2024jan/?utm_source=brizous&utm_medium=DirectMail&utm_campaign=flightticket&utm_id=55040,55040,Sushi Atarashi,1720 Washington Rd,Pittsburgh,PA,United States,Japanese,(412) 308-6693,,,,
N,https://getskt.com/2024jan/?utm_source=brizous&utm_medium=DirectMail&utm_campaign=flightticket&utm_id=55087,55087,Golden Fortune Restaurant,226 W Olney Rd,Norfolk,VA,United States,Cantonese,(757) 623-2828,,,,
N,https://getskt.com/2024jan/?utm_source=brizous&utm_medium=DirectMail&utm_campaign=flightticket&utm_id=55481,55481,Asian Bistro,121 Connor Way,Williston,VT,United States,Japanese; Chinese,(802) 878-8878,,,,
N,https://getskt.com/2024jan/?utm_source=brizous&utm_medium=DirectMail&utm_campaign=flightticket&utm_id=55772,55772,Noodle Express,7514 N Division St,Spokane,WA,United States,Japanese,(509) 489-1484,,,,
N,https://getskt.com/2024jan/?utm_source=brizous&utm_medium=DirectMail&utm_campaign=flightticket&utm_id=05712,05712,Fortune Cookies,640 6th St,Miami Beach,FL,United States,Chinese,(305) 531-4022,,,,
Y,https://getskt.com/2024jan/?utm_source=brizous&utm_medium=DirectMail&utm_campaign=flightticket&utm_id=00609,00609,Dr. Limon Ceviche Bar,9459 S Dixie Hwy,Pinecrest,FL,United States,Japanese; Peruvian,(786) 524-1080,,,,
N,https://getskt.com/2024jan/?utm_source=brizous&utm_medium=DirectMail&utm_campaign=flightticket&utm_id=06768,06768,Tenroku Ramen,4435 Mission St,San Francisco,CA,United States,Japanese,(415) 333-9288,,,,
N,https://getskt.com/2024jan/?utm_source=brizous&utm_medium=DirectMail&utm_campaign=flightticket&utm_id=07052,07052,Ginza,4429 Cleveland Ave,Fort Myers,FL,United States,Japanese,(239) 936-8881,,,,
N,https://getskt.com/2024jan/?utm_source=brizous&utm_medium=DirectMail&utm_campaign=flightticket&utm_id=07350,07350,United Dumplings,2015 Chestnut St,San Francisco,CA,United States,Chinese,(415) 757-0008,,,,
Y,https://getskt.com/2024jan/?utm_source=brizous&utm_medium=DirectMail&utm_campaign=flightticket&utm_id=07905,07905,Alexa's Creperie,238 Cornerstone Blvd,Hot Springs,AR,United States,Chinese,(501) 760-4799,,,,
N,https://getskt.com/2024jan/?utm_source=brizous&utm_medium=DirectMail&utm_campaign=flightticket&utm_id=09322,09322,Great Taste Fusion,27 Main St,New Milford,CT,United States,Chinese,(860) 355-2518,,,,
N,https://getskt.com/2024jan/?utm_source=brizous&utm_medium=DirectMail&utm_campaign=flightticket&utm_id=09352,09352,Love & Sweet,18043 Gale Ave,Industry,CA,United States,Chinese,(626) 965-8888,,,,
Y,https://getskt.com/2024jan2/?utm_source=printshopus&utm_medium=DirectMail&utm_campaign=flightticket&utm_id=58199,58199,Mizu,11515 Highway 49,Gulfport,MS,United States,*Japanese,5169189535,9149080028,5169189536,7186666800,2282841718
N,https://getskt.com/2024jan2/?utm_source=printshopus&utm_medium=DirectMail&utm_campaign=flightticket&utm_id=59069,59069,The Yummy Crab,3175 E.Tropicana Ave.,Las Vegas,NV,United States,*Cajun/Seafood,7024447770,6267894991,,,
N,https://getskt.com/2024jan2/?utm_source=printshopus&utm_medium=DirectMail&utm_campaign=flightticket&utm_id=59312,59312,Yu's Chinese Cuisine,1633 Monks Ave #120,Mankato,MN,United States,*American Chinese,5073899886,,,,
N,https://getskt.com/2024jan3/?utm_source=oldlistus&utm_medium=DirectMail&utm_campaign=flightticket&utm_id=60320,60320,CAJUN KITCHEN ON DA GEAUX,1308 REID SCHOOL RD,TAYLORS,SC,United States,Cajun Seafood,(864) 867-7376,,,,
N,https://getskt.com/2024jan3/?utm_source=oldlistus&utm_medium=DirectMail&utm_campaign=flightticket&utm_id=60913,60913,CHINA ROSE,15 E PLAIN ST,WAYLAND,MA,United States,Chinese,(508) 975-4953,,,,
Y,https://getskt.com/2024jan3/?utm_source=oldlistus&utm_medium=DirectMail&utm_campaign=flightticket&utm_id=61273,61273,CRAFTY CRAB,11104 BROADWAY ST,PEARLAND,TX,United States,Cajun Seafood,(832) 856-1111,,,,
Y,https://getskt.com/2024jan3/?utm_source=oldlistus&utm_medium=DirectMail&utm_campaign=flightticket&utm_id=61883,61883,FISH CITY GRILL,1485 TOWN CENTER DR STE D112,LAKELAND,FL,United States,Cajun Seafood,(863) 683-1243,,,,
N,https://getskt.com/2024jan3/?utm_source=oldlistus&utm_medium=DirectMail&utm_campaign=flightticket&utm_id=62164,62164,GENGHIS GRILL,6600 NORTH FWY STE 144,FORT WORTH,TX,United States,Chinese,(817) 306-7560,,,,
N,https://getskt.com/2024jan3/?utm_source=oldlistus&utm_medium=DirectMail&utm_campaign=flightticket&utm_id=62818,62818,HIBACHI DARUMA,820 MARQUETTE AVE,MINNEAPOLIS,MN,United States,Japanese,(612) 354-2250,,,,
N,https://getskt.com/2024jan3/?utm_source=oldlistus&utm_medium=DirectMail&utm_campaign=flightticket&utm_id=63358,63358,IWA SUSHI AND GRILL,8 N WENATCHEE AVE,WENATCHEE,WA,United States,Japanese,(509) 667-8744,,,,
N,https://getskt.com/2024jan3/?utm_source=oldlistus&utm_medium=DirectMail&utm_campaign=flightticket&utm_id=63389,63389,J-DAO SUSHI THAI,91260 OVERSEAS HWY,TAVERNIER,FL,United States,Japanese,(305) 853-0664,,,,
N,https://getskt.com/2024jan3/?utm_source=oldlistus&utm_medium=DirectMail&utm_campaign=flightticket&utm_id=63487,63487,JELLYFISH SEAFOOD BAR,773 1ST ST,GILROY,CA,United States,Cajun Seafood,(408) 842-3203,,,,
N,https://getskt.com/2024jan3/?utm_source=oldlistus&utm_medium=DirectMail&utm_campaign=flightticket&utm_id=63949,63949,KOIZI ENDLESS GOURMET GRILL & SUSHI,10233 OKEECHOBEE BLVD STE B1,WEST PALM BEACH,FL,United States,Japanese,(561) 619-9989,,,,
N,https://getskt.com/2024jan3/?utm_source=oldlistus&utm_medium=DirectMail&utm_campaign=flightticket&utm_id=64321,64321,LABEL RESTAURANT,112 TIPTON ST,JOHNSON CITY,TN,United States,Japanese,(423) 631-0505,,,,
N,https://getskt.com/2024jan3/?utm_source=oldlistus&utm_medium=DirectMail&utm_campaign=flightticket&utm_id=65506,65506,NHA HANG AN,12172 BROOKHURST ST,GARDEN GROVE,CA,United States,Chinese,(714) 638-9828,,,,
N,https://getskt.com/2024jan3/?utm_source=oldlistus&utm_medium=DirectMail&utm_campaign=flightticket&utm_id=66524,66524,POWERHOUSE SEAFOOD & GRILL,112 N UNIVERSITY AVE,FAYETTEVILLE,AR,United States,Cajun Seafood,(479) 442-8300,,,,
N,https://getskt.com/2024jan3/?utm_source=oldlistus&utm_medium=DirectMail&utm_campaign=flightticket&utm_id=67223,67223,SAWADEE THAI RESTAURANT,465 BUCKLAND RD STE 3,SOUTH WINDSOR,CT,United States,Chinese,(860) 644-0647,,,,
N,https://getskt.com/2024jan3/?utm_source=oldlistus&utm_medium=DirectMail&utm_campaign=flightticket&utm_id=67888,67888,SUSHI SAKE - HIALEAH,701 W 49TH ST,HIALEAH,FL,United States,Japanese,(305) 822-3222,,,,
N,https://getskt.com/2024jan3/?utm_source=oldlistus&utm_medium=DirectMail&utm_campaign=flightticket&utm_id=67958,67958,SUSHIBOI,1231 N WASHINGTON AVE,DURANT,OK,United States,Japanese,(580) 924-3181,,,,
N,https://getskt.com/2024jan3/?utm_source=oldlistus&utm_medium=DirectMail&utm_campaign=flightticket&utm_id=67968,67968,SUSHINOLA,2945 NILES ST,BAKERSFIELD,CA,United States,Japanese,(661) 427-6323,,,,
N,https://getskt.com/2024jan3/?utm_source=oldlistus&utm_medium=DirectMail&utm_campaign=flightticket&utm_id=68077,68077,TAISHI HAINAN CHICKEN,1000 TORRANCE BLVD STE B,REDONDO BEACH,CA,United States,Chinese,(310) 792-5185,,,,
Y,https://getskt.com/2024jan3/?utm_source=oldlistus&utm_medium=DirectMail&utm_campaign=flightticket&utm_id=68701,68701,THE LOST CAJUN,116 N MAIN ST,GREENVILLE,SC,United States,Cajun Seafood,(864) 203-2827,,,,
N,https://getskt.com/2024jan3/?utm_source=oldlistus&utm_medium=DirectMail&utm_campaign=flightticket&utm_id=69172,69172,VAN WYCK DELI,423 MANCHESTER RD,POUGHKEEPSIE,NY,United States,Chinese,(845) 483-0533,,,,
N,https://getskt.com/2024jan3/?utm_source=oldlistus&utm_medium=DirectMail&utm_campaign=flightticket&utm_id=69703,69703,YOSHINOYA,13512 HARBOR BLVD,GARDEN GROVE,CA,United States,Japanese,(714) 534-4355,,,,
Y,https://getskt.com/2024jan4/?utm_source=brizocan&utm_medium=DirectMail&utm_campaign=flightticket&utm_id=70132,70132,Kurry King Authentic Indian Feast,2744 Veterans Memorial Pkwy,Langford,BC,Canada,Indian; Chinese,(250) 391-8599,,,,
Y,https://getskt.com/2024jan4/?utm_source=brizocan&utm_medium=DirectMail&utm_campaign=flightticket&utm_id=70631,70631,The Rice Box,3104 27th St,Vernon,BC,Canada,Chinese,(250) 545-9929,,,,
N,https://getskt.com/2024jan4/?utm_source=brizocan&utm_medium=DirectMail&utm_campaign=flightticket&utm_id=70944,70944,Dragon Palace,1292 101st St,North Battleford,SK,Canada,Chinese,(306) 445-7404,,,,
Y,https://getskt.com/2024jan4/?utm_source=brizocan&utm_medium=DirectMail&utm_campaign=flightticket&utm_id=71554,71554,Mughal Darbar,1885 Kennedy Rd,Toronto,ON,Canada,Indian; Chinese,(416) 412-2929,,,,
Y,https://getskt.com/2024jan4/?utm_source=brizocan&utm_medium=DirectMail&utm_campaign=flightticket&utm_id=71588,71588,Blackpanda Express,23 Killam Dr,Moncton,NB,Canada,Chinese,(506) 855-1700,,,,
Y,https://getskt.com/2024jan4/?utm_source=brizocan&utm_medium=DirectMail&utm_campaign=flightticket&utm_id=71786,71786,Miriwa Restaurant,1572 St Mary's Rd,Winnipeg,MB,Canada,Chinese,(204) 257-1650,,,,
Y,https://getskt.com/2024jan4/?utm_source=brizocan&utm_medium=DirectMail&utm_campaign=flightticket&utm_id=72325,72325,Sun Star Restaurant,631 Lougheed Hwy,Coquitlam,BC,Canada,Chinese,(604) 939-4004,,,,
N,https://getskt.com/2024jan4/?utm_source=brizocan&utm_medium=DirectMail&utm_campaign=flightticket&utm_id=72460,72460,Camay Wok,555 W Hastings St,Vancouver,BC,Canada,Chinese,(604) 563-3988,,,,
Y,https://getskt.com/2024jan4/?utm_source=brizocan&utm_medium=DirectMail&utm_campaign=flightticket&utm_id=72626,72626,Biryanis and More,45 Dusk Dr,Brampton,ON,Canada,Indian; Chinese,(905) 453-3313,,,,
Y,https://getskt.com/2024jan4/?utm_source=brizocan&utm_medium=DirectMail&utm_campaign=flightticket&utm_id=72696,72696,Newfound Sushi,117 Broadway,Corner Brook,NL,Canada,Japanese,(709) 634-6666,,,,
Y,https://getskt.com/2024jan4/?utm_source=brizocan&utm_medium=DirectMail&utm_campaign=flightticket&utm_id=73246,73246,Golden Palace,10209 100 Ave,Morinville,AB,Canada,Chinese,(780) 939-8889,,,,
Y,https://getskt.com/2024jan4/?utm_source=brizocan&utm_medium=DirectMail&utm_campaign=flightticket&utm_id=74578,74578,Hong's Kitchen,584 Sackville Dr,Halifax,NS,Canada,Chinese,(902) 864-2897,,,,
Y,https://getskt.com/2024jan4/?utm_source=brizocan&utm_medium=DirectMail&utm_campaign=flightticket&utm_id=75520,75520,Yumi Japanese Restaurant,2384 Bloor St W,Toronto,ON,Canada,Japanese; Vietnamese; Chinese,(416) 766-3293,,,,
N,https://getskt.com/2024jan4/?utm_source=brizocan&utm_medium=DirectMail&utm_campaign=flightticket&utm_id=75845,75845,GOURMET ON THE GO,797 Mountain Rd,Moncton,NB,Canada,Korean; Vietnamese; Chinese; Thai,(506) 962-5465,,,,
N,https://getskt.com/2024jan4/?utm_source=brizocan&utm_medium=DirectMail&utm_campaign=flightticket&utm_id=76644,76644,Hot Lobster Dim Sum,5689 Main St,Niagara Falls,ON,Canada,Chinese,(905) 698-0366,,,,
Y,https://getskt.com/2024jan4/?utm_source=brizocan&utm_medium=DirectMail&utm_campaign=flightticket&utm_id=76683,76683,The Hakka Junction,63 Queen St S,Mississauga,ON,Canada,Indian; Chinese,(905) 812-1312,,,,
Y,https://getskt.com/2024jan4/?utm_source=brizocan&utm_medium=DirectMail&utm_campaign=flightticket&utm_id=76897,76897,Hakka Hut,688 Hespeler Rd,Cambridge,ON,Canada,Indian; Chinese; Thai,(519) 267-6660,,,,
Y,https://getskt.com/2024jan4/?utm_source=brizocan&utm_medium=DirectMail&utm_campaign=flightticket&utm_id=77579,77579,YUBU,364 Huron St,Toronto,ON,Canada,Korean; Japanese,(416) 838-9056,,,,
Y,https://getskt.com/2024jan4/?utm_source=brizocan&utm_medium=DirectMail&utm_campaign=flightticket&utm_id=77616,77616,New Shanghai Restaurant,5014 50 Ave,Calmar,AB,Canada,Chinese,(780) 985-3989,,,,
Y,https://getskt.com/2024jan4/?utm_source=brizocan&utm_medium=DirectMail&utm_campaign=flightticket&utm_id=78021,78021,Hakka Legend,81 Middlecote Dr,Ajax,ON,Canada,Chinese,(905) 239-6888,,,,
Y,https://getskt.com/2024jan4/?utm_source=brizocan&utm_medium=DirectMail&utm_campaign=flightticket&utm_id=78023,78023,Hakka Legend,6415 Erin Mills Pkwy,Mississauga,ON,Canada,Chinese,(905) 542-9888,,,,
N,https://getskt.com/2024jan5/?utm_source=oldlistcan&utm_medium=DirectMail&utm_campaign=flightticket&utm_id=78370,78370,The Zen,30 Broadleaf Ave Unit 5,Whitby,ON,Canada,Chinese,(905) 655-8188,,,,
Y,https://getskt.com/2024jan5/?utm_source=oldlistcan&utm_medium=DirectMail&utm_campaign=flightticket&utm_id=78846,78846,Aichi Japan,"2 King Street W, Unit 1",Hamilton,ON,Canada,Japanese,(289) 389-5234,,,,
Y,https://getskt.com/2024jan5/?utm_source=oldlistcan&utm_medium=DirectMail&utm_campaign=flightticket&utm_id=78935,78935,Ichiban Sushi,3505 Kennedy Rd,Toronto,ON,Canada,Japanese,(416) 609-2442,,,,
,https://getskt.com/2024jan5/?utm_source=oldlistcan&utm_medium=DirectMail&utm_campaign=flightticket&utm_id=79071,79071,Tomyum Restaurant & Wine Bar,21 Grenville St,Toronto,ON,Canada,Cajun Seafood,(),,,,
Y,https://getskt.com/2024jan5/?utm_source=oldlistcan&utm_medium=DirectMail&utm_campaign=flightticket&utm_id=79352,79352,Eatery101 at St. Clair College,2000 Talbot Road W,Windsor,ON,Canada,Cajun Seafood,(519) 972-2726,,,,
,https://getskt.com/2024jan5/?utm_source=oldlistcan&utm_medium=DirectMail&utm_campaign=flightticket&utm_id=79514,79514,Manchuwok,201 Midtown Plaza Mall 1st Avenue S,Saskatoon,SK,Canada,Chinese,,,,,
Y,https://getskt.com/2024jan5/?utm_source=oldlistcan&utm_medium=DirectMail&utm_campaign=flightticket&utm_id=80008,80008,Wok House,388 Trail,Saint Albert,AB,Canada,Chinese,(780) 458-7755,,,,
Y,https://getskt.com/2024jan5/?utm_source=oldlistcan&utm_medium=DirectMail&utm_campaign=flightticket&utm_id=80233,80233,Sui Sha Ya Japanese Restaurant,260-32500 South Fraser Way,Abbotsford,BC,Canada,Japanese,(604) 855-0686,,,,
Y,https://getskt.com/2024jan5/?utm_source=oldlistcan&utm_medium=DirectMail&utm_campaign=flightticket&utm_id=80779,80779,Kizami Japanese Cuisine,120-8031 Leslie Rd,Richmond,BC,Canada,Japanese,(604) 247-2682,,,,
Y,https://getskt.com/2024jan6/?utm_source=printshopcan&utm_medium=DirectMail&utm_campaign=flightticket&utm_id=81174,81174,Sun Star Restaurant,631 BC-7,Coquitlam,BC,Canada,Traditional Chinese,(604) 937-5944,6049318776,,,